,Arson,Normalized,Points
0-5,6.4,0.06859592711682744,2
5–9,5.2,0.05573419078242229,2
10–14,2.2,0.02357984994640943,1
15–19,1.8,0.019292604501607715,1
20–24,1.9,0.02036441586280814,1
25–34,3.1,0.03322615219721329,1
35–44,4.0,0.04287245444801714,1
45–54,6.5,0.06966773847802786,2
55–64,9.6,0.10289389067524114,3
65–74,13.6,0.14576634512325828,4
75–84,17.8,0.19078242229367628,5
85-100,21.2,0.22722400857449085,5
