,Drug Overdose,Normalized,Points
1-4,0.37222,0.0018745866197061448,1
5-14,0.20556,0.001035248040263272,1
15-24,13.85,0.06975182602474371,2
25-34,41.42222,0.20861194823095017,5
35-44,46.95,0.23645113587449224,5
45-54,41.77222,0.21037462975504112,5
55-64,33.87778,0.17061639109491278,4
65-74,12.21111,0.06149799424469373,2
75-84,4.13889,0.020844414094985667,1
85-100,3.76111,0.018941826020211106,1
