age,Fraud,Normalized,Points
0-19,35884,0.0359777219657207,1
20-29,141494,0.14186355455962782,4
30-39,172007,0.17245624852741392,5
40-49,154629,0.15503286060186786,5
50-59,161846,0.1622687099895227,5
60-69,179757,0.18022649000646684,5
70-79,110959,0.11124880313215928,4
80-100,40819,0.04092561121722086,2
