,Accidents,Normalized,Points
0-5,2.0,0.024937655860349132,1
5-14,2.2,0.027431421446384045,1
15-24,16.3,0.2032418952618454,5
25-44,16.3,0.2032418952618454,5
45-64,14.3,0.17830423940149628,5
65-74,12.6,0.1571072319201995,4
74-100,16.5,0.20573566084788034,5
